<?xml version="1.0" encoding="UTF-8" ?>
<!DOCTYPE struts PUBLIC "-//Apache Software Foundation//DTD Struts Configuration 2.1//EN" "http://struts.apache.org/dtds/struts-2.1.dtd">
<struts>
	<package name="admin" extends="json-default" namespace="/admin">
	  	<action name="Login*" class="com.nkl.admin.action.LoginAction" method="{1}">
	  		<result name="error">login.jsp</result>
	  		<result name="success" type="redirect">index.jsp</result>
	  		<result name="logout" type="redirect">login.jsp</result>
	  	</action>
	  	
	  	<action name="queryStudent" class="com.nkl.admin.action.AdminAction" method="queryStudent">
	  		<result name="success" type="json">
	  			<param name="ignoreHierarchy">false</param>
            	<param name="includeProperties">
					success,data.*
				</param>
            </result>
            <result name="error" type="json">
            	<param name="ignoreHierarchy">false</param>
			    <param name="includeProperties">
					success,err.*
				</param>
			</result>
	  	</action>
	  	
	  	<action name="Admin_*" class="com.nkl.admin.action.AdminAction" method="{1}">
	  		<result name="loginTip" type="redirect">loginTip.jsp</result>
	  		<result name="error">error.jsp</result>
	  		<result name="infoTip">infoTip.jsp</result>
	  		<result name="userInfo" type="redirect">modifyInfo.jsp</result>
	  		<result name="userPwd" type="redirect">modifyPwd.jsp</result>
	  		<result name="userShow">userShow.jsp</result>
	  		<result name="userEdit">userEdit.jsp</result>
	  		<result name="majorShow">majorShow.jsp</result>
	  		<result name="majorEdit">majorEdit.jsp</result>
	  		<result name="classesShow">classesShow.jsp</result>
	  		<result name="classesEdit">classesEdit.jsp</result>
	  		<result name="courseShow">courseShow.jsp</result>
	  		<result name="courseEdit">courseEdit.jsp</result>
	  		<result name="scoreShow">scoreShow.jsp</result>
	  		<result name="scoreEdit">scoreEdit.jsp</result>
	  	</action>
	  	
	</package>
</struts>    
